,instrumentID_IC,tradedate,instrumentID_IH
0,IC1505    ,2015/4/16,IH1505    
1,IC1505    ,2015/4/17,IH1505    
2,IC1505    ,2015/4/20,IH1505    
3,IC1505    ,2015/4/21,IH1505    
4,IC1505    ,2015/4/22,IH1505    
5,IC1505    ,2015/4/23,IH1505    
6,IC1505    ,2015/4/24,IH1505    
7,IC1505    ,2015/4/27,IH1505    
8,IC1505    ,2015/4/28,IH1505    
9,IC1505    ,2015/4/29,IH1505    
10,IC1505    ,2015/4/30,IH1505    
11,IC1505    ,2015/5/4,IH1505    
12,IC1505    ,2015/5/5,IH1505    
13,IC1505    ,2015/5/6,IH1505    
14,IC1505    ,2015/5/7,IH1505    
15,IC1505    ,2015/5/8,IH1505    
16,IC1505    ,2015/5/11,IH1505    
17,IC1505    ,2015/5/12,IH1505    
18,IC1505    ,2015/5/13,IH1505    
19,IC1505    ,2015/5/14,IH1505    
20,IC1505    ,2015/5/15,IH1505    
21,IC1506    ,2015/5/18,IH1506    
22,IC1506    ,2015/5/19,IH1506    
23,IC1506    ,2015/5/20,IH1506    
24,IC1506    ,2015/5/21,IH1506    
25,IC1506    ,2015/5/22,IH1506    
26,IC1506    ,2015/5/25,IH1506    
27,IC1506    ,2015/5/26,IH1506    
28,IC1506    ,2015/5/27,IH1506    
29,IC1506    ,2015/5/28,IH1506    
30,IC1506    ,2015/5/29,IH1506    
31,IC1506    ,2015/6/1,IH1506    
32,IC1506    ,2015/6/2,IH1506    
33,IC1506    ,2015/6/3,IH1506    
34,IC1506    ,2015/6/4,IH1506    
35,IC1506    ,2015/6/5,IH1506    
36,IC1506    ,2015/6/8,IH1506    
37,IC1506    ,2015/6/9,IH1506    
38,IC1506    ,2015/6/10,IH1506    
39,IC1506    ,2015/6/11,IH1506    
40,IC1506    ,2015/6/12,IH1506    
41,IC1506    ,2015/6/15,IH1506    
42,IC1506    ,2015/6/16,IH1506    
43,IC1506    ,2015/6/17,IH1506    
44,IC1506    ,2015/6/18,IH1506    
45,IC1507    ,2015/6/19,IH1507    
46,IC1507    ,2015/6/23,IH1507    
47,IC1507    ,2015/6/24,IH1507    
48,IC1507    ,2015/6/25,IH1507    
49,IC1507    ,2015/6/26,IH1507    
50,IC1507    ,2015/6/29,IH1507    
51,IC1507    ,2015/6/30,IH1507    
52,IC1507    ,2015/7/1,IH1507    
53,IC1507    ,2015/7/2,IH1507    
54,IC1507    ,2015/7/3,IH1507    
55,IC1507    ,2015/7/6,IH1507    
56,IC1507    ,2015/7/7,IH1507    
57,IC1507    ,2015/7/8,IH1507    
58,IC1507    ,2015/7/9,IH1507    
59,IC1507    ,2015/7/10,IH1507    
60,IC1507    ,2015/7/13,IH1507    
61,IC1507    ,2015/7/14,IH1507    
62,IC1507    ,2015/7/15,IH1507    
63,IC1507    ,2015/7/16,IH1507    
64,IC1508    ,2015/7/17,IH1508    
65,IC1508    ,2015/7/20,IH1508    
66,IC1508    ,2015/7/21,IH1508    
67,IC1508    ,2015/7/22,IH1508    
68,IC1508    ,2015/7/23,IH1508    
69,IC1508    ,2015/7/24,IH1508    
70,IC1508    ,2015/7/27,IH1508    
71,IC1508    ,2015/7/28,IH1508    
72,IC1508    ,2015/7/29,IH1508    
73,IC1508    ,2015/7/30,IH1508    
74,IC1508    ,2015/7/31,IH1508    
75,IC1508    ,2015/8/3,IH1508    
76,IC1508    ,2015/8/4,IH1508    
77,IC1508    ,2015/8/5,IH1508    
78,IC1508    ,2015/8/6,IH1508    
79,IC1508    ,2015/8/7,IH1508    
80,IC1508    ,2015/8/10,IH1508    
81,IC1508    ,2015/8/11,IH1508    
82,IC1508    ,2015/8/12,IH1508    
83,IC1508    ,2015/8/13,IH1508    
84,IC1508    ,2015/8/14,IH1508    
85,IC1508    ,2015/8/17,IH1508    
86,IC1508    ,2015/8/18,IH1508    
87,IC1508    ,2015/8/19,IH1508    
88,IC1508    ,2015/8/20,IH1508    
89,IC1509    ,2015/8/21,IH1509    
90,IC1509    ,2015/8/24,IH1509    
91,IC1509    ,2015/8/25,IH1509    
92,IC1509    ,2015/8/26,IH1509    
93,IC1509    ,2015/8/27,IH1509    
94,IC1509    ,2015/8/28,IH1509    
95,IC1509    ,2015/8/31,IH1509    
96,IC1509    ,2015/9/1,IH1509    
97,IC1509    ,2015/9/2,IH1509    
98,IC1509    ,2015/9/7,IH1509    
99,IC1509    ,2015/9/8,IH1509    
100,IC1509    ,2015/9/9,IH1509    
101,IC1509    ,2015/9/10,IH1509    
102,IC1509    ,2015/9/11,IH1509    
103,IC1509    ,2015/9/14,IH1509    
104,IC1509    ,2015/9/15,IH1509    
105,IC1509    ,2015/9/16,IH1509    
106,IC1509    ,2015/9/17,IH1509    
107,IC1510    ,2015/9/18,IH1510    
108,IC1510    ,2015/9/21,IH1510    
109,IC1510    ,2015/9/22,IH1510    
110,IC1510    ,2015/9/23,IH1510    
111,IC1510    ,2015/9/24,IH1510    
112,IC1510    ,2015/9/25,IH1510    
113,IC1510    ,2015/9/28,IH1510    
114,IC1510    ,2015/9/29,IH1510    
115,IC1510    ,2015/9/30,IH1510    
116,IC1510    ,2015/10/8,IH1510    
117,IC1510    ,2015/10/9,IH1510    
118,IC1510    ,2015/10/12,IH1510    
119,IC1510    ,2015/10/13,IH1510    
120,IC1510    ,2015/10/14,IH1510    
121,IC1510    ,2015/10/15,IH1510    
122,IC1511    ,2015/10/16,IH1511    
123,IC1511    ,2015/10/19,IH1511    
124,IC1511    ,2015/10/20,IH1511    
125,IC1511    ,2015/10/21,IH1511    
126,IC1511    ,2015/10/22,IH1511    
127,IC1511    ,2015/10/23,IH1511    
128,IC1511    ,2015/10/26,IH1511    
129,IC1511    ,2015/10/27,IH1511    
130,IC1511    ,2015/10/28,IH1511    
131,IC1511    ,2015/10/29,IH1511    
132,IC1511    ,2015/10/30,IH1511    
133,IC1511    ,2015/11/2,IH1511    
134,IC1511    ,2015/11/3,IH1511    
135,IC1511    ,2015/11/4,IH1511    
136,IC1511    ,2015/11/5,IH1511    
137,IC1511    ,2015/11/6,IH1511    
138,IC1511    ,2015/11/9,IH1511    
139,IC1511    ,2015/11/10,IH1511    
140,IC1511    ,2015/11/11,IH1511    
141,IC1511    ,2015/11/12,IH1511    
142,IC1511    ,2015/11/13,IH1511    
143,IC1511    ,2015/11/16,IH1511    
144,IC1511    ,2015/11/17,IH1511    
145,IC1511    ,2015/11/18,IH1511    
146,IC1511    ,2015/11/19,IH1511    
147,IC1512    ,2015/11/20,IH1512    
148,IC1512    ,2015/11/23,IH1512    
149,IC1512    ,2015/11/24,IH1512    
150,IC1512    ,2015/11/25,IH1512    
151,IC1512    ,2015/11/26,IH1512    
152,IC1512    ,2015/11/27,IH1512    
153,IC1512    ,2015/11/30,IH1512    
154,IC1512    ,2015/12/1,IH1512    
155,IC1512    ,2015/12/2,IH1512    
156,IC1512    ,2015/12/3,IH1512    
157,IC1512    ,2015/12/4,IH1512    
158,IC1512    ,2015/12/7,IH1512    
159,IC1512    ,2015/12/8,IH1512    
160,IC1512    ,2015/12/9,IH1512    
161,IC1512    ,2015/12/10,IH1512    
162,IC1512    ,2015/12/11,IH1512    
163,IC1512    ,2015/12/14,IH1512    
164,IC1512    ,2015/12/15,IH1512    
165,IC1512    ,2015/12/16,IH1512    
166,IC1512    ,2015/12/17,IH1512    
167,IC1601    ,2015/12/18,IH1601    
168,IC1601    ,2015/12/21,IH1601    
169,IC1601    ,2015/12/22,IH1601    
170,IC1601    ,2015/12/23,IH1601    
171,IC1601    ,2015/12/24,IH1601    
172,IC1601    ,2015/12/25,IH1601    
173,IC1601    ,2015/12/28,IH1601    
174,IC1601    ,2015/12/29,IH1601    
175,IC1601    ,2015/12/30,IH1601    
176,IC1601    ,2015/12/31,IH1601    
177,IC1601    ,2016/1/4,IH1601    
178,IC1601    ,2016/1/5,IH1601    
179,IC1601    ,2016/1/6,IH1601    
180,IC1601    ,2016/1/7,IH1601    
181,IC1601    ,2016/1/8,IH1601    
182,IC1601    ,2016/1/11,IH1601    
183,IC1601    ,2016/1/12,IH1601    
184,IC1601    ,2016/1/13,IH1601    
185,IC1601    ,2016/1/14,IH1601    
186,IC1602    ,2016/1/15,IH1602    
187,IC1602    ,2016/1/18,IH1602    
188,IC1602    ,2016/1/19,IH1602    
189,IC1602    ,2016/1/20,IH1602    
190,IC1602    ,2016/1/21,IH1602    
191,IC1602    ,2016/1/22,IH1602    
192,IC1602    ,2016/1/25,IH1602    
193,IC1602    ,2016/1/26,IH1602    
194,IC1602    ,2016/1/27,IH1602    
195,IC1602    ,2016/1/28,IH1602    
196,IC1602    ,2016/1/29,IH1602    
197,IC1602    ,2016/2/1,IH1602    
198,IC1602    ,2016/2/2,IH1602    
199,IC1602    ,2016/2/3,IH1602    
200,IC1602    ,2016/2/4,IH1602    
201,IC1602    ,2016/2/5,IH1602    
202,IC1602    ,2016/2/15,IH1602    
203,IC1602    ,2016/2/16,IH1602    
204,IC1602    ,2016/2/17,IH1602    
205,IC1602    ,2016/2/18,IH1602    
206,IC1603    ,2016/2/19,IH1603    
207,IC1603    ,2016/2/22,IH1603    
208,IC1603    ,2016/2/23,IH1603    
209,IC1603    ,2016/2/24,IH1603    
210,IC1603    ,2016/2/25,IH1603    
211,IC1603    ,2016/2/26,IH1603    
212,IC1603    ,2016/2/29,IH1603    
213,IC1603    ,2016/3/1,IH1603    
214,IC1603    ,2016/3/2,IH1603    
215,IC1603    ,2016/3/3,IH1603    
216,IC1603    ,2016/3/4,IH1603    
217,IC1603    ,2016/3/7,IH1603    
218,IC1603    ,2016/3/8,IH1603    
219,IC1603    ,2016/3/9,IH1603    
220,IC1603    ,2016/3/10,IH1603    
221,IC1603    ,2016/3/11,IH1603    
222,IC1603    ,2016/3/14,IH1603    
223,IC1603    ,2016/3/15,IH1603    
224,IC1603    ,2016/3/16,IH1603    
225,IC1603    ,2016/3/17,IH1603    
226,IC1604    ,2016/3/18,IH1604    
227,IC1604    ,2016/3/21,IH1604    
228,IC1604    ,2016/3/22,IH1604    
229,IC1604    ,2016/3/23,IH1604    
230,IC1604    ,2016/3/24,IH1604    
231,IC1604    ,2016/3/25,IH1604    
232,IC1604    ,2016/3/28,IH1604    
233,IC1604    ,2016/3/29,IH1604    
234,IC1604    ,2016/3/30,IH1604    
235,IC1604    ,2016/3/31,IH1604    
236,IC1604    ,2016/4/1,IH1604    
237,IC1604    ,2016/4/5,IH1604    
238,IC1604    ,2016/4/6,IH1604    
239,IC1604    ,2016/4/7,IH1604    
240,IC1604    ,2016/4/8,IH1604    
241,IC1604    ,2016/4/11,IH1604    
242,IC1604    ,2016/4/12,IH1604    
243,IC1604    ,2016/4/13,IH1604    
244,IC1604    ,2016/4/14,IH1604    
245,IC1605    ,2016/4/15,IH1605    
246,IC1605    ,2016/4/18,IH1605    
247,IC1605    ,2016/4/19,IH1605    
248,IC1605    ,2016/4/20,IH1605    
249,IC1605    ,2016/4/21,IH1605    
250,IC1605    ,2016/4/22,IH1605    
251,IC1605    ,2016/4/25,IH1605    
252,IC1605    ,2016/4/26,IH1605    
253,IC1605    ,2016/4/27,IH1605    
254,IC1605    ,2016/4/28,IH1605    
255,IC1605    ,2016/4/29,IH1605    
256,IC1605    ,2016/5/3,IH1605    
257,IC1605    ,2016/5/4,IH1605    
258,IC1605    ,2016/5/5,IH1605    
259,IC1605    ,2016/5/6,IH1605    
260,IC1605    ,2016/5/9,IH1605    
261,IC1605    ,2016/5/10,IH1605    
262,IC1605    ,2016/5/11,IH1605    
263,IC1605    ,2016/5/12,IH1605    
264,IC1605    ,2016/5/13,IH1605    
265,IC1605    ,2016/5/16,IH1605    
266,IC1605    ,2016/5/17,IH1605    
267,IC1605    ,2016/5/18,IH1605    
268,IC1605    ,2016/5/19,IH1605    
269,IC1606    ,2016/5/20,IH1606    
270,IC1606    ,2016/5/23,IH1606    
271,IC1606    ,2016/5/24,IH1606    
272,IC1606    ,2016/5/25,IH1606    
273,IC1606    ,2016/5/26,IH1606    
274,IC1606    ,2016/5/27,IH1606    
275,IC1606    ,2016/5/30,IH1606    
276,IC1606    ,2016/5/31,IH1606    
277,IC1606    ,2016/6/1,IH1606    
278,IC1606    ,2016/6/2,IH1606    
279,IC1606    ,2016/6/3,IH1606    
280,IC1606    ,2016/6/6,IH1606    
281,IC1606    ,2016/6/7,IH1606    
282,IC1606    ,2016/6/8,IH1606    
283,IC1606    ,2016/6/13,IH1606    
284,IC1606    ,2016/6/14,IH1606    
285,IC1606    ,2016/6/15,IH1606    
286,IC1606    ,2016/6/16,IH1606    
287,IC1607    ,2016/6/17,IH1607    
288,IC1607    ,2016/6/20,IH1607    
289,IC1607    ,2016/6/21,IH1607    
290,IC1607    ,2016/6/22,IH1607    
291,IC1607    ,2016/6/23,IH1607    
292,IC1607    ,2016/6/24,IH1607    
293,IC1607    ,2016/6/27,IH1607    
294,IC1607    ,2016/6/28,IH1607    
295,IC1607    ,2016/6/29,IH1607    
296,IC1607    ,2016/6/30,IH1607    
297,IC1607    ,2016/7/1,IH1607    
298,IC1607    ,2016/7/4,IH1607    
299,IC1607    ,2016/7/5,IH1607    
300,IC1607    ,2016/7/6,IH1607    
301,IC1607    ,2016/7/7,IH1607    
302,IC1607    ,2016/7/8,IH1607    
303,IC1607    ,2016/7/11,IH1607    
304,IC1607    ,2016/7/12,IH1607    
305,IC1607    ,2016/7/13,IH1607    
306,IC1607    ,2016/7/14,IH1607    
307,IC1608    ,2016/7/15,IH1608    
308,IC1608    ,2016/7/18,IH1608    
309,IC1608    ,2016/7/19,IH1608    
310,IC1608    ,2016/7/20,IH1608    
311,IC1608    ,2016/7/21,IH1608    
312,IC1608    ,2016/7/22,IH1608    
313,IC1608    ,2016/7/25,IH1608    
314,IC1608    ,2016/7/26,IH1608    
315,IC1608    ,2016/7/27,IH1608    
316,IC1608    ,2016/7/28,IH1608    
317,IC1608    ,2016/7/29,IH1608    
318,IC1608    ,2016/8/1,IH1608    
319,IC1608    ,2016/8/2,IH1608    
320,IC1608    ,2016/8/3,IH1608    
321,IC1608    ,2016/8/4,IH1608    
322,IC1608    ,2016/8/5,IH1608    
323,IC1608    ,2016/8/8,IH1608    
324,IC1608    ,2016/8/9,IH1608    
325,IC1608    ,2016/8/10,IH1608    
326,IC1608    ,2016/8/11,IH1608    
327,IC1608    ,2016/8/12,IH1608    
328,IC1608    ,2016/8/15,IH1608    
329,IC1608    ,2016/8/16,IH1608    
330,IC1608    ,2016/8/17,IH1608    
331,IC1608    ,2016/8/18,IH1608    
332,IC1609    ,2016/8/19,IH1609    
333,IC1609    ,2016/8/22,IH1609    
334,IC1609    ,2016/8/23,IH1609    
335,IC1609    ,2016/8/24,IH1609    
336,IC1609    ,2016/8/25,IH1609    
337,IC1609    ,2016/8/26,IH1609    
338,IC1609    ,2016/8/29,IH1609    
339,IC1609    ,2016/8/30,IH1609    
340,IC1609    ,2016/8/31,IH1609    
341,IC1609    ,2016/9/1,IH1609    
342,IC1609    ,2016/9/2,IH1609    
343,IC1609    ,2016/9/5,IH1609    
344,IC1609    ,2016/9/6,IH1609    
345,IC1609    ,2016/9/7,IH1609    
346,IC1609    ,2016/9/8,IH1609    
347,IC1609    ,2016/9/9,IH1609    
348,IC1609    ,2016/9/12,IH1609    
349,IC1609    ,2016/9/13,IH1609    
350,IC1609    ,2016/9/14,IH1609    
351,IC1610    ,2016/9/19,IH1610    
352,IC1610    ,2016/9/20,IH1610    
353,IC1610    ,2016/9/21,IH1610    
354,IC1610    ,2016/9/22,IH1610    
355,IC1610    ,2016/9/23,IH1610    
356,IC1610    ,2016/9/26,IH1610    
357,IC1610    ,2016/9/27,IH1610    
358,IC1610    ,2016/9/28,IH1610    
359,IC1610    ,2016/9/29,IH1610    
360,IC1610    ,2016/9/30,IH1610    
361,IC1610    ,2016/10/10,IH1610    
362,IC1610    ,2016/10/11,IH1610    
363,IC1610    ,2016/10/12,IH1610    
364,IC1610    ,2016/10/13,IH1610    
365,IC1610    ,2016/10/14,IH1610    
366,IC1610    ,2016/10/17,IH1610    
367,IC1610    ,2016/10/18,IH1610    
368,IC1610    ,2016/10/19,IH1610    
369,IC1610    ,2016/10/20,IH1610    
370,IC1611    ,2016/10/21,IH1611    
371,IC1611    ,2016/10/24,IH1611    
372,IC1611    ,2016/10/25,IH1611    
373,IC1611    ,2016/10/26,IH1611    
374,IC1611    ,2016/10/27,IH1611    
375,IC1611    ,2016/10/28,IH1611    
376,IC1611    ,2016/10/31,IH1611    
377,IC1611    ,2016/11/1,IH1611    
378,IC1611    ,2016/11/2,IH1611    
379,IC1611    ,2016/11/3,IH1611    
380,IC1611    ,2016/11/4,IH1611    
381,IC1611    ,2016/11/7,IH1611    
382,IC1611    ,2016/11/8,IH1611    
383,IC1611    ,2016/11/9,IH1611    
384,IC1611    ,2016/11/10,IH1611    
385,IC1611    ,2016/11/11,IH1611    
386,IC1611    ,2016/11/14,IH1611    
387,IC1611    ,2016/11/15,IH1611    
388,IC1611    ,2016/11/16,IH1611    
389,IC1611    ,2016/11/17,IH1611    
390,IC1612    ,2016/11/18,IH1612    
391,IC1612    ,2016/11/21,IH1612    
392,IC1612    ,2016/11/22,IH1612    
393,IC1612    ,2016/11/23,IH1612    
394,IC1612    ,2016/11/24,IH1612    
395,IC1612    ,2016/11/25,IH1612    
396,IC1612    ,2016/11/28,IH1612    
397,IC1612    ,2016/11/29,IH1612    
398,IC1612    ,2016/11/30,IH1612    
399,IC1612    ,2016/12/1,IH1612    
400,IC1612    ,2016/12/2,IH1612    
401,IC1612    ,2016/12/5,IH1612    
402,IC1612    ,2016/12/6,IH1612    
403,IC1612    ,2016/12/7,IH1612    
404,IC1612    ,2016/12/8,IH1612    
405,IC1612    ,2016/12/9,IH1612    
406,IC1612    ,2016/12/12,IH1612    
407,IC1612    ,2016/12/13,IH1612    
408,IC1612    ,2016/12/14,IH1612    
409,IC1612    ,2016/12/15,IH1612    
410,IC1701    ,2016/12/16,IH1701    
411,IC1701    ,2016/12/19,IH1701    
412,IC1701    ,2016/12/20,IH1701    
413,IC1701    ,2016/12/21,IH1701    
414,IC1701    ,2016/12/22,IH1701    
415,IC1701    ,2016/12/23,IH1701    
416,IC1701    ,2016/12/26,IH1701    
417,IC1701    ,2016/12/27,IH1701    
418,IC1701    ,2016/12/28,IH1701    
419,IC1701    ,2016/12/29,IH1701    
420,IC1701    ,2016/12/30,IH1701    
421,IC1701    ,2017/1/3,IH1701    
422,IC1701    ,2017/1/4,IH1701    
423,IC1701    ,2017/1/5,IH1701    
424,IC1701    ,2017/1/6,IH1701    
425,IC1701    ,2017/1/9,IH1701    
426,IC1701    ,2017/1/10,IH1701    
427,IC1701    ,2017/1/11,IH1701    
428,IC1701    ,2017/1/12,IH1701    
429,IC1701    ,2017/1/13,IH1701    
430,IC1701    ,2017/1/16,IH1701    
431,IC1701    ,2017/1/17,IH1701    
432,IC1701    ,2017/1/18,IH1701    
433,IC1701    ,2017/1/19,IH1701    
434,IC1702    ,2017/1/20,IH1702    
435,IC1702    ,2017/1/23,IH1702    
436,IC1702    ,2017/1/24,IH1702    
437,IC1702    ,2017/1/25,IH1702    
438,IC1702    ,2017/1/26,IH1702    
439,IC1702    ,2017/2/3,IH1702    
440,IC1702    ,2017/2/6,IH1702    
441,IC1702    ,2017/2/7,IH1702    
442,IC1702    ,2017/2/8,IH1702    
443,IC1702    ,2017/2/9,IH1702    
444,IC1702    ,2017/2/10,IH1702    
445,IC1702    ,2017/2/13,IH1702    
446,IC1702    ,2017/2/14,IH1702    
447,IC1702    ,2017/2/15,IH1702    
448,IC1702    ,2017/2/16,IH1702    
449,IC1703    ,2017/2/17,IH1703    
450,IC1703    ,2017/2/20,IH1703    
451,IC1703    ,2017/2/21,IH1703    
452,IC1703    ,2017/2/22,IH1703    
453,IC1703    ,2017/2/23,IH1703    
454,IC1703    ,2017/2/24,IH1703    
455,IC1703    ,2017/2/27,IH1703    
456,IC1703    ,2017/2/28,IH1703    
457,IC1703    ,2017/3/1,IH1703    
458,IC1703    ,2017/3/2,IH1703    
459,IC1703    ,2017/3/3,IH1703    
460,IC1703    ,2017/3/6,IH1703    
461,IC1703    ,2017/3/7,IH1703    
462,IC1703    ,2017/3/8,IH1703    
463,IC1703    ,2017/3/9,IH1703    
464,IC1703    ,2017/3/10,IH1703    
465,IC1703    ,2017/3/13,IH1703    
466,IC1703    ,2017/3/14,IH1703    
467,IC1703    ,2017/3/15,IH1703    
468,IC1703    ,2017/3/16,IH1703    
469,IC1704    ,2017/3/17,IH1704    
470,IC1704    ,2017/3/20,IH1704    
471,IC1704    ,2017/3/21,IH1704    
472,IC1704    ,2017/3/22,IH1704    
473,IC1704    ,2017/3/23,IH1704    
474,IC1704    ,2017/3/24,IH1704    
475,IC1704    ,2017/3/27,IH1704    
476,IC1704    ,2017/3/28,IH1704    
477,IC1704    ,2017/3/29,IH1704    
478,IC1704    ,2017/3/30,IH1704    
479,IC1704    ,2017/3/31,IH1704    
480,IC1704    ,2017/4/5,IH1704    
481,IC1704    ,2017/4/6,IH1704    
482,IC1704    ,2017/4/7,IH1704    
483,IC1704    ,2017/4/10,IH1704    
484,IC1704    ,2017/4/11,IH1704    
485,IC1704    ,2017/4/12,IH1704    
486,IC1704    ,2017/4/13,IH1704    
487,IC1704    ,2017/4/14,IH1704    
488,IC1704    ,2017/4/17,IH1704    
489,IC1704    ,2017/4/18,IH1704    
490,IC1704    ,2017/4/19,IH1704    
491,IC1704    ,2017/4/20,IH1704    
492,IC1705    ,2017/4/21,IH1705    
493,IC1705    ,2017/4/24,IH1705    
494,IC1705    ,2017/4/25,IH1705    
495,IC1705    ,2017/4/26,IH1705    
496,IC1705    ,2017/4/27,IH1705    
497,IC1705    ,2017/4/28,IH1705    
498,IC1705    ,2017/5/2,IH1705    
499,IC1705    ,2017/5/3,IH1705    
500,IC1705    ,2017/5/4,IH1705    
501,IC1705    ,2017/5/5,IH1705    
502,IC1705    ,2017/5/8,IH1705    
503,IC1705    ,2017/5/9,IH1705    
504,IC1705    ,2017/5/10,IH1705    
505,IC1705    ,2017/5/11,IH1705    
506,IC1705    ,2017/5/12,IH1705    
507,IC1705    ,2017/5/15,IH1705    
508,IC1705    ,2017/5/16,IH1705    
509,IC1705    ,2017/5/17,IH1705    
510,IC1705    ,2017/5/18,IH1705    
511,IC1706    ,2017/5/19,IH1706    
512,IC1706    ,2017/5/22,IH1706    
513,IC1706    ,2017/5/23,IH1706    
514,IC1706    ,2017/5/24,IH1706    
515,IC1706    ,2017/5/25,IH1706    
516,IC1706    ,2017/5/26,IH1706    
517,IC1706    ,2017/5/31,IH1706    
518,IC1706    ,2017/6/1,IH1706    
519,IC1706    ,2017/6/2,IH1706    
520,IC1706    ,2017/6/5,IH1706    
521,IC1706    ,2017/6/6,IH1706    
522,IC1706    ,2017/6/7,IH1706    
523,IC1706    ,2017/6/8,IH1706    
524,IC1706    ,2017/6/9,IH1706    
525,IC1706    ,2017/6/12,IH1706    
526,IC1706    ,2017/6/13,IH1706    
527,IC1706    ,2017/6/14,IH1706    
528,IC1706    ,2017/6/15,IH1706    
529,IC1707                        ,2017/6/16,IH1707                        
530,IC1707                        ,2017/6/19,IH1707                        
531,IC1707                        ,2017/6/20,IH1707                        
532,IC1707                        ,2017/6/21,IH1707                        
533,IC1707                        ,2017/6/22,IH1707                        
534,IC1707                        ,2017/6/23,IH1707                        
535,IC1707                        ,2017/6/26,IH1707                        
536,IC1707                        ,2017/6/27,IH1707                        
537,IC1707                        ,2017/6/28,IH1707                        
538,IC1707                        ,2017/6/29,IH1707                        
539,IC1707                        ,2017/6/30,IH1707                        
540,IC1707                        ,2017/7/3,IH1707                        
541,IC1707                        ,2017/7/4,IH1707                        
542,IC1707                        ,2017/7/5,IH1707                        
543,IC1707                        ,2017/7/6,IH1707                        
544,IC1707                        ,2017/7/7,IH1707                        
545,IC1707                        ,2017/7/10,IH1707                        
546,IC1707                        ,2017/7/11,IH1707                        
547,IC1707                        ,2017/7/12,IH1707                        
548,IC1707                        ,2017/7/13,IH1707                        
549,IC1707                        ,2017/7/14,IH1707                        
550,IC1707                        ,2017/7/17,IH1707                        
551,IC1707                        ,2017/7/18,IH1707                        
552,IC1707                        ,2017/7/19,IH1707                        
553,IC1707                        ,2017/7/20,IH1707                        
554,IC1708                        ,2017/7/21,IH1708                        
555,IC1708                        ,2017/7/24,IH1708                        
556,IC1708                        ,2017/7/25,IH1708                        
557,IC1708                        ,2017/7/26,IH1708                        
558,IC1708                        ,2017/7/27,IH1708                        
559,IC1708                        ,2017/7/28,IH1708                        
560,IC1708                        ,2017/7/31,IH1708                        
561,IC1708                        ,2017/8/1,IH1708                        
562,IC1708                        ,2017/8/2,IH1708                        
563,IC1708                        ,2017/8/3,IH1708                        
564,IC1708                        ,2017/8/4,IH1708                        
565,IC1708                        ,2017/8/7,IH1708                        
566,IC1708                        ,2017/8/8,IH1708                        
567,IC1708                        ,2017/8/9,IH1708                        
568,IC1708                        ,2017/8/10,IH1708                        
569,IC1708                        ,2017/8/11,IH1708                        
570,IC1708                        ,2017/8/14,IH1708                        
571,IC1708                        ,2017/8/15,IH1708                        
572,IC1708                        ,2017/8/16,IH1708                        
573,IC1708                        ,2017/8/17,IH1708                        
574,IC1709    ,2017/8/18,IH1709    
575,IC1709    ,2017/8/21,IH1709    
576,IC1709    ,2017/8/22,IH1709    
577,IC1709    ,2017/8/23,IH1709    
578,IC1709    ,2017/8/24,IH1709    
579,IC1709    ,2017/8/25,IH1709    
580,IC1709    ,2017/8/28,IH1709    
581,IC1709    ,2017/8/29,IH1709    
582,IC1709    ,2017/8/30,IH1709    
583,IC1709    ,2017/8/31,IH1709    
584,IC1709    ,2017/9/1,IH1709    
585,IC1709    ,2017/9/4,IH1709    
586,IC1709    ,2017/9/5,IH1709    
587,IC1709    ,2017/9/6,IH1709    
588,IC1709    ,2017/9/7,IH1709    
589,IC1709    ,2017/9/8,IH1709    
590,IC1709    ,2017/9/11,IH1709    
591,IC1709    ,2017/9/12,IH1709    
592,IC1709    ,2017/9/13,IH1709    
593,IC1709    ,2017/9/14,IH1709    
594,IC1710                        ,2017/9/15,IH1710                        
595,IC1710                        ,2017/9/18,IH1710                        
596,IC1710                        ,2017/9/19,IH1710                        
597,IC1710                        ,2017/9/20,IH1710                        
598,IC1710                        ,2017/9/21,IH1710                        
599,IC1710                        ,2017/9/22,IH1710                        
600,IC1710                        ,2017/9/25,IH1710                        
601,IC1710                        ,2017/9/26,IH1710                        
602,IC1710                        ,2017/9/27,IH1710                        
603,IC1710                        ,2017/9/28,IH1710                        
604,IC1710                        ,2017/9/29,IH1710                        
605,IC1710                        ,2017/10/9,IH1710                        
606,IC1710                        ,2017/10/10,IH1710                        
607,IC1710                        ,2017/10/11,IH1710                        
608,IC1710                        ,2017/10/12,IH1710                        
609,IC1710                        ,2017/10/13,IH1710                        
610,IC1710                        ,2017/10/16,IH1710                        
611,IC1710                        ,2017/10/17,IH1710                        
612,IC1710                        ,2017/10/18,IH1710                        
613,IC1710                        ,2017/10/19,IH1710                        
614,IC1711                        ,2017/10/20,IH1711                        
615,IC1711                        ,2017/10/23,IH1711                        
616,IC1711                        ,2017/10/24,IH1711                        
617,IC1711                        ,2017/10/25,IH1711                        
618,IC1711                        ,2017/10/26,IH1711                        
619,IC1711                        ,2017/10/27,IH1711                        
620,IC1711                        ,2017/10/30,IH1711                        
621,IC1711                        ,2017/10/31,IH1711                        
622,IC1711                        ,2017/11/1,IH1711                        
623,IC1711                        ,2017/11/2,IH1711                        
624,IC1711                        ,2017/11/3,IH1711                        
625,IC1711                        ,2017/11/6,IH1711                        
626,IC1711                        ,2017/11/7,IH1711                        
627,IC1711                        ,2017/11/8,IH1711                        
628,IC1711                        ,2017/11/9,IH1711                        
629,IC1711                        ,2017/11/10,IH1711                        
630,IC1711                        ,2017/11/13,IH1711                        
631,IC1711                        ,2017/11/14,IH1711                        
632,IC1711                        ,2017/11/15,IH1711                        
633,IC1711                        ,2017/11/16,IH1711                        
634,IC1712                        ,2017/11/17,IH1712                        
635,IC1712                        ,2017/11/20,IH1712                        
636,IC1712                        ,2017/11/21,IH1712                        
637,IC1712                        ,2017/11/22,IH1712                        
638,IC1712                        ,2017/11/23,IH1712                        
639,IC1712                        ,2017/11/24,IH1712                        
640,IC1712                        ,2017/11/27,IH1712                        
641,IC1712                        ,2017/11/28,IH1712                        
642,IC1712                        ,2017/11/29,IH1712                        
643,IC1712                        ,2017/11/30,IH1712                        
644,IC1712                        ,2017/12/1,IH1712                        
645,IC1712                        ,2017/12/4,IH1712                        
646,IC1712                        ,2017/12/5,IH1712                        
647,IC1712                        ,2017/12/6,IH1712                        
648,IC1712                        ,2017/12/7,IH1712                        
649,IC1712                        ,2017/12/8,IH1712                        
650,IC1712                        ,2017/12/11,IH1712                        
651,IC1712                        ,2017/12/12,IH1712                        
652,IC1712                        ,2017/12/13,IH1712                        
653,IC1712                        ,2017/12/14,IH1712                        
654,IC1801                        ,2017/12/15,IH1801                        
655,IC1801                        ,2017/12/18,IH1801                        
656,IC1801                        ,2017/12/19,IH1801                        
657,IC1801                        ,2017/12/20,IH1801                        
658,IC1801                        ,2017/12/21,IH1801                        
659,IC1801                        ,2017/12/22,IH1801                        
660,IC1801                        ,2017/12/25,IH1801                        
661,IC1801                        ,2017/12/26,IH1801                        
662,IC1801                        ,2017/12/27,IH1801                        
663,IC1801                        ,2017/12/28,IH1801                        
664,IC1801                        ,2017/12/29,IH1801                        
665,IC1801                        ,2018/1/2,IH1801                        
666,IC1801                        ,2018/1/3,IH1801                        
667,IC1801                        ,2018/1/4,IH1801                        
668,IC1801                        ,2018/1/5,IH1801                        
669,IC1801                        ,2018/1/8,IH1801                        
670,IC1801                        ,2018/1/9,IH1801                        
671,IC1801                        ,2018/1/10,IH1801                        
672,IC1801                        ,2018/1/11,IH1801                        
673,IC1801                        ,2018/1/12,IH1801                        
674,IC1801                        ,2018/1/15,IH1801                        
675,IC1801                        ,2018/1/16,IH1801                        
676,IC1801                        ,2018/1/17,IH1801                        
677,IC1801                        ,2018/1/18,IH1801                        
678,IC1802                        ,2018/1/19,IH1802                        
679,IC1802                        ,2018/1/22,IH1802                        
680,IC1802                        ,2018/1/23,IH1802                        
681,IC1802                        ,2018/1/24,IH1802                        
682,IC1802                        ,2018/1/25,IH1802                        
683,IC1802                        ,2018/1/26,IH1802                        
684,IC1802                        ,2018/1/29,IH1802                        
685,IC1802                        ,2018/1/30,IH1802                        
686,IC1802                        ,2018/1/31,IH1802                        
687,IC1802                        ,2018/2/1,IH1802                        
688,IC1802                        ,2018/2/2,IH1802                        
689,IC1802                        ,2018/2/5,IH1802                        
690,IC1802                        ,2018/2/6,IH1802                        
691,IC1802                        ,2018/2/7,IH1802                        
692,IC1802                        ,2018/2/8,IH1802                        
693,IC1802                        ,2018/2/9,IH1802                        
694,IC1802                        ,2018/2/12,IH1802                        
695,IC1802                        ,2018/2/13,IH1802                        
696,IC1802                        ,2018/2/14,IH1802                        
697,IC1803                        ,2018/2/22,IH1803                        
698,IC1803                        ,2018/2/23,IH1803                        
699,IC1803                        ,2018/2/26,IH1803                        
700,IC1803                        ,2018/2/27,IH1803                        
701,IC1803                        ,2018/2/28,IH1803                        
702,IC1803                        ,2018/3/1,IH1803                        
703,IC1803                        ,2018/3/2,IH1803                        
704,IC1803                        ,2018/3/5,IH1803                        
705,IC1803                        ,2018/3/6,IH1803                        
706,IC1803                        ,2018/3/7,IH1803                        
707,IC1803                        ,2018/3/8,IH1803                        
708,IC1803                        ,2018/3/9,IH1803                        
709,IC1803                        ,2018/3/12,IH1803                        
710,IC1803                        ,2018/3/13,IH1803                        
711,IC1803                        ,2018/3/14,IH1803                        
712,IC1803                        ,2018/3/15,IH1803                        
713,IC1804                        ,2018/3/16,IH1804                        
714,IC1804                        ,2018/3/19,IH1804                        
715,IC1804                        ,2018/3/20,IH1804                        
716,IC1804                        ,2018/3/21,IH1804                        
717,IC1804                        ,2018/3/22,IH1804                        
718,IC1804                        ,2018/3/23,IH1804                        
719,IC1804                        ,2018/3/26,IH1804                        
720,IC1804                        ,2018/3/27,IH1804                        
721,IC1804                        ,2018/3/28,IH1804                        
722,IC1804                        ,2018/3/29,IH1804                        
723,IC1804                        ,2018/3/30,IH1804                        
724,IC1804                        ,2018/4/2,IH1804                        
725,IC1804                        ,2018/4/3,IH1804                        
726,IC1804                        ,2018/4/4,IH1804                        
727,IC1804                        ,2018/4/9,IH1804                        
728,IC1804                        ,2018/4/10,IH1804                        
729,IC1804                        ,2018/4/11,IH1804                        
730,IC1804                        ,2018/4/12,IH1804                        
731,IC1804                        ,2018/4/13,IH1804                        
732,IC1804                        ,2018/4/16,IH1804                        
733,IC1804                        ,2018/4/17,IH1804                        
734,IC1804                        ,2018/4/18,IH1804                        
735,IC1804                        ,2018/4/19,IH1804                        
736,IC1805                        ,2018/4/20,IH1805                        
737,IC1805                        ,2018/4/23,IH1805                        
738,IC1805                        ,2018/4/24,IH1805                        
739,IC1805                        ,2018/4/25,IH1805                        
740,IC1805                        ,2018/4/26,IH1805                        
741,IC1805                        ,2018/4/27,IH1805                        
742,IC1805                        ,2018/5/2,IH1805                        
743,IC1805                        ,2018/5/3,IH1805                        
744,IC1805                        ,2018/5/4,IH1805                        
745,IC1805                        ,2018/5/7,IH1805                        
746,IC1805                        ,2018/5/8,IH1805                        
747,IC1805                        ,2018/5/9,IH1805                        
748,IC1805                        ,2018/5/10,IH1805                        
749,IC1805                        ,2018/5/11,IH1805                        
750,IC1805                        ,2018/5/14,IH1805                        
751,IC1805                        ,2018/5/15,IH1805                        
752,IC1805                        ,2018/5/16,IH1805                        
753,IC1805                        ,2018/5/17,IH1805                        
754,IC1806                        ,2018/5/18,IH1806                        
755,IC1806                        ,2018/5/21,IH1806                        
756,IC1806                        ,2018/5/22,IH1806                        
757,IC1806                        ,2018/5/23,IH1806                        
758,IC1806                        ,2018/5/24,IH1806                        
759,IC1806                        ,2018/5/25,IH1806                        
760,IC1806                        ,2018/5/28,IH1806                        
761,IC1806                        ,2018/5/29,IH1806                        
762,IC1806                        ,2018/5/30,IH1806                        
763,IC1806                        ,2018/5/31,IH1806                        
764,IC1806                        ,2018/6/1,IH1806                        
765,IC1806                        ,2018/6/4,IH1806                        
766,IC1806                        ,2018/6/5,IH1806                        
767,IC1806                        ,2018/6/6,IH1806                        
768,IC1806                        ,2018/6/7,IH1806                        
769,IC1806                        ,2018/6/8,IH1806                        
770,IC1806                        ,2018/6/11,IH1806                        
771,IC1806                        ,2018/6/12,IH1806                        
772,IC1806                        ,2018/6/13,IH1806                        
773,IC1806                        ,2018/6/14,IH1806                        
774,IC1807                        ,2018/6/15,IH1807                        
775,IC1807                        ,2018/6/19,IH1807                        
776,IC1807                        ,2018/6/20,IH1807                        
777,IC1807                        ,2018/6/21,IH1807                        
778,IC1807                        ,2018/6/22,IH1807                        
779,IC1807                        ,2018/6/25,IH1807                        
780,IC1807                        ,2018/6/26,IH1807                        
781,IC1807                        ,2018/6/27,IH1807                        
782,IC1807                        ,2018/6/28,IH1807                        
783,IC1807                        ,2018/6/29,IH1807                        
784,IC1807                        ,2018/7/2,IH1807                        
785,IC1807                        ,2018/7/3,IH1807                        
786,IC1807                        ,2018/7/4,IH1807                        
787,IC1807                        ,2018/7/5,IH1807                        
788,IC1807                        ,2018/7/6,IH1807                        
789,IC1807                        ,2018/7/9,IH1807                        
790,IC1807                        ,2018/7/10,IH1807                        
791,IC1807                        ,2018/7/11,IH1807                        
792,IC1807                        ,2018/7/12,IH1807                        
793,IC1807                        ,2018/7/13,IH1807                        
794,IC1807                        ,2018/7/16,IH1807                        
795,IC1807                        ,2018/7/17,IH1807                        
796,IC1807                        ,2018/7/18,IH1807                        
797,IC1807                        ,2018/7/19,IH1807                        
798,IC1808                        ,2018/7/20,IH1808                        
799,IC1808                        ,2018/7/23,IH1808                        
800,IC1808                        ,2018/7/24,IH1808                        
801,IC1808                        ,2018/7/25,IH1808                        
802,IC1808                        ,2018/7/26,IH1808                        
803,IC1808                        ,2018/7/27,IH1808                        
804,IC1808                        ,2018/7/30,IH1808                        
805,IC1808                        ,2018/7/31,IH1808                        
806,IC1808                        ,2018/8/1,IH1808                        
807,IC1808                        ,2018/8/2,IH1808                        
808,IC1808                        ,2018/8/3,IH1808                        
809,IC1808                        ,2018/8/6,IH1808                        
810,IC1808                        ,2018/8/7,IH1808                        
811,IC1808                        ,2018/8/8,IH1808                        
812,IC1808                        ,2018/8/9,IH1808                        
813,IC1808                        ,2018/8/10,IH1808                        
814,IC1808                        ,2018/8/13,IH1808                        
815,IC1808                        ,2018/8/14,IH1808                        
816,IC1808                        ,2018/8/15,IH1808                        
817,IC1808                        ,2018/8/16,IH1808                        
818,IC1809                        ,2018/8/17,IH1809                        
819,IC1809                        ,2018/8/20,IH1809                        
820,IC1809                        ,2018/8/21,IH1809                        
821,IC1809                        ,2018/8/22,IH1809                        
822,IC1809                        ,2018/8/23,IH1809                        
823,IC1809                        ,2018/8/24,IH1809                        
824,IC1809                        ,2018/8/27,IH1809                        
825,IC1809                        ,2018/8/28,IH1809                        
826,IC1809                        ,2018/8/29,IH1809                        
827,IC1809                        ,2018/8/30,IH1809                        
828,IC1809                        ,2018/8/31,IH1809                        
829,IC1809                        ,2018/9/3,IH1809                        
830,IC1809                        ,2018/9/4,IH1809                        
831,IC1809                        ,2018/9/5,IH1809                        
832,IC1809                        ,2018/9/6,IH1809                        
833,IC1809                        ,2018/9/7,IH1809                        
834,IC1809                        ,2018/9/10,IH1809                        
835,IC1809                        ,2018/9/11,IH1809                        
836,IC1809                        ,2018/9/12,IH1809                        
837,IC1809                        ,2018/9/13,IH1809                        
838,IC1809                        ,2018/9/14,IH1809                        
839,IC1809                        ,2018/9/17,IH1809                        
840,IC1809                        ,2018/9/18,IH1809                        
841,IC1809                        ,2018/9/19,IH1809                        
842,IC1809                        ,2018/9/20,IH1809                        
843,IC1810                        ,2018/9/21,IH1810                        
844,IC1810                        ,2018/9/25,IH1810                        
845,IC1810                        ,2018/9/26,IH1810                        
846,IC1810                        ,2018/9/27,IH1810                        
847,IC1810                        ,2018/9/28,IH1810                        
848,IC1810                        ,2018/10/8,IH1810                        
849,IC1810                        ,2018/10/9,IH1810                        
850,IC1810                        ,2018/10/10,IH1810                        
851,IC1810                        ,2018/10/11,IH1810                        
852,IC1810                        ,2018/10/12,IH1810                        
853,IC1810                        ,2018/10/15,IH1810                        
854,IC1810                        ,2018/10/16,IH1810                        
855,IC1810                        ,2018/10/17,IH1810                        
856,IC1810                        ,2018/10/18,IH1810                        
857,IC1811                        ,2018/10/19,IH1811                        
858,IC1811                        ,2018/10/22,IH1811                        
859,IC1811                        ,2018/10/23,IH1811                        
860,IC1811                        ,2018/10/24,IH1811                        
861,IC1811                        ,2018/10/25,IH1811                        
862,IC1811                        ,2018/10/26,IH1811                        
863,IC1811                        ,2018/10/29,IH1811                        
864,IC1811                        ,2018/10/30,IH1811                        
865,IC1811                        ,2018/10/31,IH1811                        
866,IC1811                        ,2018/11/1,IH1811                        
867,IC1811                        ,2018/11/2,IH1811                        
868,IC1811                        ,2018/11/5,IH1811                        
869,IC1811                        ,2018/11/6,IH1811                        
870,IC1811                        ,2018/11/7,IH1811                        
871,IC1811                        ,2018/11/8,IH1811                        
872,IC1811                        ,2018/11/9,IH1811                        
873,IC1811                        ,2018/11/12,IH1811                        
874,IC1811                        ,2018/11/13,IH1811                        
875,IC1811                        ,2018/11/14,IH1811                        
876,IC1811                        ,2018/11/15,IH1811                        
877,IC1812                        ,2018/11/16,IH1812                        
878,IC1812                        ,2018/11/19,IH1812                        
879,IC1812                        ,2018/11/20,IH1812                        
880,IC1812                        ,2018/11/21,IH1812                        
881,IC1812                        ,2018/11/22,IH1812                        
882,IC1812                        ,2018/11/23,IH1812                        
883,IC1812                        ,2018/11/26,IH1812                        
884,IC1812                        ,2018/11/27,IH1812                        
885,IC1812                        ,2018/11/28,IH1812                        
886,IC1812                        ,2018/11/29,IH1812                        
887,IC1812                        ,2018/11/30,IH1812                        
888,IC1812                        ,2018/12/3,IH1812                        
889,IC1812                        ,2018/12/4,IH1812                        
890,IC1812                        ,2018/12/5,IH1812                        
891,IC1812                        ,2018/12/6,IH1812                        
892,IC1812                        ,2018/12/7,IH1812                        
893,IC1812                        ,2018/12/10,IH1812                        
894,IC1812                        ,2018/12/11,IH1812                        
895,IC1812                        ,2018/12/12,IH1812                        
896,IC1812                        ,2018/12/13,IH1812                        
897,IC1812                        ,2018/12/14,IH1812                        
898,IC1812                        ,2018/12/17,IH1812                        
899,IC1812                        ,2018/12/18,IH1812                        
900,IC1812                        ,2018/12/19,IH1812                        
901,IC1812                        ,2018/12/20,IH1812                        
902,IC1901                        ,2018/12/21,IH1901                        
903,IC1901                        ,2018/12/24,IH1901                        
904,IC1901                        ,2018/12/25,IH1901                        
905,IC1901                        ,2018/12/26,IH1901                        
906,IC1901                        ,2018/12/27,IH1901                        
907,IC1901                        ,2018/12/28,IH1901                        
908,IC1901                        ,2019/1/2,IH1901                        
909,IC1901                        ,2019/1/3,IH1901                        
910,IC1901                        ,2019/1/4,IH1901                        
911,IC1901                        ,2019/1/7,IH1901                        
912,IC1901                        ,2019/1/8,IH1901                        
913,IC1901                        ,2019/1/9,IH1901                        
914,IC1901                        ,2019/1/10,IH1901                        
915,IC1901                        ,2019/1/11,IH1901                        
916,IC1901                        ,2019/1/14,IH1901                        
917,IC1901                        ,2019/1/15,IH1901                        
918,IC1901                        ,2019/1/16,IH1901                        
919,IC1901                        ,2019/1/17,IH1901                        
920,IC1902                        ,2019/1/18,IH1902                        
921,IC1902                        ,2019/1/21,IH1902                        
922,IC1902                        ,2019/1/22,IH1902                        
923,IC1902                        ,2019/1/23,IH1902                        
924,IC1902                        ,2019/1/24,IH1902                        
925,IC1902                        ,2019/1/25,IH1902                        
926,IC1902                        ,2019/1/28,IH1902                        
927,IC1902                        ,2019/1/29,IH1902                        
928,IC1902                        ,2019/1/30,IH1902                        
929,IC1902                        ,2019/1/31,IH1902                        
930,IC1902                        ,2019/2/1,IH1902                        
931,IC1902                        ,2019/2/11,IH1902                        
932,IC1902                        ,2019/2/12,IH1902                        
933,IC1902                        ,2019/2/13,IH1902                        
934,IC1902                        ,2019/2/14,IH1902                        
935,IC1903                        ,2019/2/15,IH1903                        
936,IC1903                        ,2019/2/18,IH1903                        
937,IC1903                        ,2019/2/19,IH1903                        
938,IC1903                        ,2019/2/20,IH1903                        
939,IC1903                        ,2019/2/21,IH1903                        
940,IC1903                        ,2019/2/22,IH1903                        
941,IC1903                        ,2019/2/25,IH1903                        
942,IC1903                        ,2019/2/26,IH1903                        
943,IC1903                        ,2019/2/27,IH1903                        
944,IC1903                        ,2019/2/28,IH1903                        
945,IC1903                        ,2019/3/1,IH1903                        
946,IC1903                        ,2019/3/4,IH1903                        
947,IC1903                        ,2019/3/5,IH1903                        
948,IC1903                        ,2019/3/6,IH1903                        
949,IC1903                        ,2019/3/7,IH1903                        
950,IC1903                        ,2019/3/8,IH1903                        
951,IC1903                        ,2019/3/11,IH1903                        
952,IC1903                        ,2019/3/12,IH1903                        
953,IC1903                        ,2019/3/13,IH1903                        
954,IC1903                        ,2019/3/14,IH1903                        
955,IC1904                        ,2019/3/15,IH1904                        
956,IC1904                        ,2019/3/18,IH1904                        
957,IC1904                        ,2019/3/19,IH1904                        
958,IC1904                        ,2019/3/20,IH1904                        
959,IC1904                        ,2019/3/21,IH1904                        
960,IC1904                        ,2019/3/22,IH1904                        
961,IC1904                        ,2019/3/25,IH1904                        
962,IC1904                        ,2019/3/26,IH1904                        
963,IC1904                        ,2019/3/27,IH1904                        
964,IC1904                        ,2019/3/28,IH1904                        
965,IC1904                        ,2019/3/29,IH1904                        
966,IC1904                        ,2019/4/1,IH1904                        
967,IC1904                        ,2019/4/2,IH1904                        
968,IC1904                        ,2019/4/3,IH1904                        
969,IC1904                        ,2019/4/4,IH1904                        
970,IC1904                        ,2019/4/8,IH1904                        
971,IC1904                        ,2019/4/9,IH1904                        
972,IC1904                        ,2019/4/10,IH1904                        
973,IC1904                        ,2019/4/11,IH1904                        
974,IC1904                        ,2019/4/12,IH1904                        
975,IC1904                        ,2019/4/15,IH1904                        
976,IC1904                        ,2019/4/16,IH1904                        
977,IC1904                        ,2019/4/17,IH1904                        
978,IC1904                        ,2019/4/18,IH1904                        
979,IC1905                        ,2019/4/19,IH1905                        
980,IC1905                        ,2019/4/22,IH1905                        
981,IC1905                        ,2019/4/23,IH1905                        
982,IC1905                        ,2019/4/24,IH1905                        
983,IC1905                        ,2019/4/25,IH1905                        
984,IC1905                        ,2019/4/26,IH1905                        
985,IC1905                        ,2019/4/29,IH1905                        
986,IC1905                        ,2019/4/30,IH1905                        
987,IC1905                        ,2019/5/6,IH1905                        
988,IC1905                        ,2019/5/7,IH1905                        
989,IC1905                        ,2019/5/8,IH1905                        
990,IC1905                        ,2019/5/9,IH1905                        
991,IC1905                        ,2019/5/10,IH1905                        
992,IC1905                        ,2019/5/13,IH1905                        
993,IC1905                        ,2019/5/14,IH1905                        
994,IC1905                        ,2019/5/15,IH1905                        
995,IC1905                        ,2019/5/16,IH1905                        
996,IC1906                        ,2019/5/17,IH1906                        
997,IC1906                        ,2019/5/20,IH1906                        
998,IC1906                        ,2019/5/21,IH1906                        
999,IC1906                        ,2019/5/22,IH1906                        
1000,IC1906                        ,2019/5/23,IH1906                        
1001,IC1906                        ,2019/5/24,IH1906                        
1002,IC1906                        ,2019/5/27,IH1906                        
1003,IC1906                        ,2019/5/28,IH1906                        
1004,IC1906                        ,2019/5/29,IH1906                        
1005,IC1906                        ,2019/5/30,IH1906                        
1006,IC1906                        ,2019/5/31,IH1906                        
1007,IC1906                        ,2019/6/3,IH1906                        
1008,IC1906                        ,2019/6/4,IH1906                        
1009,IC1906                        ,2019/6/5,IH1906                        
1010,IC1906                        ,2019/6/6,IH1906                        
1011,IC1906                        ,2019/6/10,IH1906                        
1012,IC1906                        ,2019/6/11,IH1906                        
1013,IC1906                        ,2019/6/12,IH1906                        
1014,IC1906                        ,2019/6/13,IH1906                        
1015,IC1906                        ,2019/6/14,IH1906                        
1016,IC1906                        ,2019/6/17,IH1906                        
1017,IC1906                        ,2019/6/18,IH1906                        
1018,IC1906                        ,2019/6/19,IH1906                        
1019,IC1906                        ,2019/6/20,IH1906                        
1020,IC1907                        ,2019/6/21,IH1907                        
1021,IC1907                        ,2019/6/24,IH1907                        
1022,IC1907                        ,2019/6/25,IH1907                        
1023,IC1907                        ,2019/6/26,IH1907                        
1024,IC1907                        ,2019/6/27,IH1907                        
1025,IC1907                        ,2019/6/28,IH1907                        
1026,IC1907                        ,2019/7/1,IH1907                        
1027,IC1907                        ,2019/7/2,IH1907                        
1028,IC1907                        ,2019/7/3,IH1907                        
1029,IC1907                        ,2019/7/4,IH1907                        
1030,IC1907                        ,2019/7/5,IH1907                        
1031,IC1907                        ,2019/7/8,IH1907                        
1032,IC1907                        ,2019/7/9,IH1907                        
1033,IC1907                        ,2019/7/10,IH1907                        
1034,IC1907                        ,2019/7/11,IH1907                        
1035,IC1907                        ,2019/7/12,IH1907                        
1036,IC1907                        ,2019/7/15,IH1907                        
1037,IC1907                        ,2019/7/16,IH1907                        
1038,IC1907                        ,2019/7/17,IH1907                        
1039,IC1907                        ,2019/7/18,IH1907                        
1040,IC1908                        ,2019/7/19,IH1908                        
1041,IC1908                        ,2019/7/22,IH1908                        
1042,IC1908                        ,2019/7/23,IH1908                        
1043,IC1908                        ,2019/7/24,IH1908                        
1044,IC1908                        ,2019/7/25,IH1908                        
1045,IC1908                        ,2019/7/26,IH1908                        
1046,IC1908                        ,2019/7/29,IH1908                        
1047,IC1908                        ,2019/7/30,IH1908                        
1048,IC1908                        ,2019/7/31,IH1908                        
1049,IC1908                        ,2019/8/1,IH1908                        
1050,IC1908                        ,2019/8/2,IH1908                        
1051,IC1908                        ,2019/8/5,IH1908                        
1052,IC1908                        ,2019/8/6,IH1908                        
1053,IC1908                        ,2019/8/7,IH1908                        
1054,IC1908                        ,2019/8/8,IH1908                        
1055,IC1908                        ,2019/8/9,IH1908                        
1056,IC1908                        ,2019/8/12,IH1908                        
1057,IC1908                        ,2019/8/13,IH1908                        
1058,IC1908                        ,2019/8/14,IH1908                        
1059,IC1908                        ,2019/8/15,IH1908                        
1060,IC1909                        ,2019/8/16,IH1909                        
1061,IC1909                        ,2019/8/19,IH1909                        
1062,IC1909                        ,2019/8/20,IH1909                        
1063,IC1909                        ,2019/8/21,IH1909                        
1064,IC1909                        ,2019/8/22,IH1909                        
1065,IC1909                        ,2019/8/23,IH1909                        
1066,IC1909                        ,2019/8/26,IH1909                        
1067,IC1909                        ,2019/8/27,IH1909                        
1068,IC1909                        ,2019/8/28,IH1909                        
1069,IC1909                        ,2019/8/29,IH1909                        
1070,IC1909                        ,2019/8/30,IH1909                        
